Kod;Familia;Imya;Otchestvo;Login;Parol;Role
1;Алексеев ;Владислав ;Аркадьевич;loginDEbct2018;Qg3gff;Клиент
2;Савельева ;Евфросиния ;Арсеньевна;loginDEvtg2018;ETMNzL;Администратор
3;Никонов ;Мэлс ;Лукьевич;loginDEuro2018;a1MIcO;Клиент
4;Горшкова ;Агафья ;Онисимовна;loginDEpst2018;0CyGnX;Клиент
5;Горбачёв ;Пантелеймон ;Германович;loginDEpsu2018;Vx9cQ{;Менеджер
6;Ершова ;Иванна ;Максимовна;loginDEzqs2018;qM9p7i;Менеджер
7;Туров ;Денис;Геласьевич;loginDEioe2018;yMPu&2;Менеджер
8;Носова ;Наина ;Эдуардовна;loginDEcmk2018;3f+b0+;Администратор
9;Куликов ;Андрей; Святославович;loginDEfsp2018;&dtlI+;Клиент
10;Нестеров ;Агафон;Георгьевич;loginDExcd2018;SZXZNL;Клиент
11;Козлов ;Геласий;Христофорович;loginDEvlf2018;O5mXc2;Менеджер
12;Борисова ;Анжелика;Анатольевна;loginDEanv2018;Xiq}M3;Администратор
13;Суханов ;Станислав ; Фролович;loginDEzde2018;tlO3x&;Менеджер
14;Тетерина ;Феврония;Эдуардовна;loginDEriv2018;GJ2mHL;Менеджер
15;Муравьёва ;Александра;Ростиславовна;loginDEhcp2018;n2nfRl;Менеджер
16;Новикова ;Лукия;Ярославовна;loginDEwjv2018;ZfseKA;Менеджер
17;Агафонова ;Лариса;Михаиловна;loginDEiry2018;5zu7+};Менеджер
18;Сергеева ;Агата ;Юрьевна;loginDEgbr2018;}+Ex1*;Менеджер
19;Колобова ;Елена;Евгеньевна;loginDExxv2018;+daE|T;Менеджер
20;Ситников ;Николай ;Филатович;loginDEbto2018;b1iYMI;Клиент
21;Белов ;Роман ;Иринеевич;loginDEfbs2018;v90Rep;Менеджер
22;Волкова ;Алла ;Лукьевна;loginDEple2018;WlW+l8;Администратор
23;Кудрявцева ;Таисия ;Игоревна;loginDEhhx2018;hmCHeQ;Менеджер
24;Семёнова ;Октябрина;Христофоровна;loginDEayn2018;Ka2Fok;Менеджер
25;Смирнов ;Сергей ;Яковович;loginDEwld2018;y9HStF;Менеджер
26;Брагина ;Алина ;Валерьевна;loginDEhuu2018;X31OEf;Клиент
27;Евсеев ;Игорь;Донатович;loginDEmjb2018;5mm{ch;Менеджер
28;Суворов ;Илья;Евсеевич;loginDEdgp2018;1WfJjo;Менеджер
29;Котов ;Денис;Мартынович;loginDEgyi2018;|7nYPc;Администратор
30;Бобылёва ;Юлия;Егоровна;loginDEmvn2018;Mrr9e0;Клиент
31;Брагин ;Бронислав;Георгьевич;loginDEfoj2018;nhGc+D;Администратор
32;Александров ;Владимир;Дамирович;loginDEuuo2018;42XmH1;Клиент
33;Фокин ;Ириней;Ростиславович;loginDEhsj2018;s+jrMW;Клиент
34;Воронов ;Митрофан;Антонович;loginDEvht2018;zMyS8Z;Клиент
35;Маслов ;Мстислав ;Антонинович;loginDEeqo2018;l5CBqA;Клиент
36;Щербаков ;Георгий;Богданович;loginDExrf2018;mhpRIT;Клиент
37;Кириллова ;Эмилия;Федосеевна;loginDEfku2018;a1m+8c;Менеджер
38;Васильев ;Серапион;Макарович;loginDExix2018;hzxtnn;Администратор
39;Галкина ;Олимпиада ; Владленовна;loginDEqrf2018;mI8n58;Менеджер
40;Яковлева ;Ксения ;Онисимовна;loginDEhlk2018;g0jSed;Клиент
41;Калашникова ;Александра ;Владимировна;loginDEwoe2018;yOtw2F;Администратор
42;Медведьева ;Таисия ;Тихоновна;loginDExyu2018;7Fg}9p;Клиент
43;Карпова ;Ольга ; Лукьевна;loginDEcor2018;2cIrC8;Клиент
44;Герасимов ;Мстислав;Дамирович;loginDEqon2018;YeFbh6;Менеджер
45;Тимофеева ;Ксения ;Валерьевна;loginDEyfd2018;8aKdb0;Клиент
46;Горбунов ;Вячеслав;Станиславович;loginDEtto2018;qXYDuu;Менеджер
47;Кошелева ;Кира;Владиславовна;loginDEdal2018;cJWXL0;Менеджер
48;Панфилова ;Марина;Борисовна;loginDEbjs2018;Xap2ct;Менеджер
49;Кудрявцев ;Матвей ;Игоревич;loginDEdof2018;kD|LRU;Менеджер
50;Зуев ;Эдуард ;Пантелеймонович;loginDEsnh2018;#ИМЯ?;Менеджер
